Word,Count
استخدام,480
مسئول,38
دفتر,37
پاداش,6
شرکت,138
معتبر,37
خراسان,4
رضوی,4
کارمند,68
اداری,56
بیمه,56
کلور,1
مشهد,6
تکنسین,7
مکانیک,8
پلاستیران,1
تهران,122
البرز,7
پشتیبان,12
فروش,94
آرایشی,3
بهداشتی,6
حقوق,24
ثابت,16
سعادت,2
فنی,21
اعلا,1
نیرو,1
کارشناس,208
تولید,16
محتوا,6
مسلط,10
حقوقی,7
ثبتی,1
Hiring,10
Technical,3
Team,2
Lead,3
Remote,2
in,2
Markazi,1
نرم‌,1
افزار,8
پیمان,2
پردازش,1
نیام,1
مشاور,7
تحصیلی,2
موسسه,12
آموزشی,6
تلفنی,15
دورکار,8
اریکه,1
دانش,8
آریانا,1
پارس,7
پزشک,2
مرکز,10
زیبایی,4
پانیذ,3
کمک,9
حسابدار,39
تکمیلی,12
ساعد,1
تجارت,7
خاورمیانه,1
مدیر,57
کلینیک,1
مدرن,3
لیزر,2
اصفهان,16
ادمین,7
اینستاگرام,4
مبینا,1
سازه,3
جنوب,3
شرق,2
کرمان,3
Hormozgan,1
اپراتور,7
برنامه,12
نویس,9
فرز,2
CNC,1
روهین,1
تابان,1
سپاهان,1
مربی,2
انگلیسی,13
مهد,1
کودک,2
زبان,13
کندو,1
فروشی,1
پیشه,1
گستر,4
نوین,2
آریا,3
شغلی,24
ESGTrade,1
بزاز,1
طراح,16
وب,3
سایت,4
نبض,1
درمان,3
آرمان,2
همراه,1
ارتباطات,1
سرویس,4
بازرگانی,23
احمدپور,1
مهندس,22
برق,8
الکترونیک,4
پارت,2
لاستیک,1
انباردار,9
نیلا,1
پخش,5
بردیا,1
تجهیزات,4
پزشکی,3
کارخانه,6
تولیدی,17
مبلمان,2
نواکی,1
کنترل,8
کیفیت,9
شهرک,2
صنعتی,16
شیراز,4
منطقه,3
گروه,10
آ,1
آذربایجان,4
شرقی,4
راننده,3
نیسان,1
لوازم,5
خانگی,2
نور,1
پاکت,1
حباب,1
ایمن,1
تحصیلدار,3
پیشرو,1
صنعت,2
نفت,2
آسیا,3
ماشین,5
خوزستان,3
سرپرست,26
تحقیق,7
توسعه,16
شیمی,5
صنایع,20
مانا,1
مهر,2
پروشات,1
مرکزی,2
مهندسی,13
درسان,1
کرج,7
فروشنده,9
پورسانت,12
تشک,1
zest,1
پشتیبانی,16
سیستم,2
مالی,15
نوژن,1
گیل,1
گیلان,1
جی,1
اس,1
فراسازه,1
کارگر,12
فتوبهمن,1
بهداشت,3
محیط,1
سم,1
افق,1
کسب,2
کار,17
تاکسی,1
ماکسیم,1
نوشهر,1
b2b,1
پانوآ,1
فرا,1
آراد,2
ایرانیان,2
کاسپین,1
مد,1
عالی,1
درآمد,1
مواد,4
شیمیایی,4
بهینی,1
نقشه,1
کش,1
المللی,1
تابش,1
تابلو,1
رویت,1
دیگشویی,1
دونا,1
کترینگ,2
بازاریاب,12
مبتدی,1
حرفه,6
کارنو,1
اندیشان,2
ماد,1
لوله,2
سبز,2
سولیکو,1
ویزیتور,4
نجف,1
اجرایی,6
سالن,7
مانگو,1
سنندج,1
آبدارچی,6
نیروی,37
خدماتی,18
کشاورز,1
پلاس,1
محدوده,3
جردن,1
ارتباط,2
مشتری,1
CRM,2
غذائی,1
مهیا,1
پروتئین,1
دالیز,1
خلیج,2
فارس,3
مهان,1
پلیمر,2
قم,5
نماینده,8
علمی,8
پرگاس,1
طب,5
طبیعت,1
سلولز,1
ماندگار,2
کوبرنتیز,1
Kubernetes,1
هلدینگ,1
گرین‌وب,1
ایران,5
سرور,1
کامپیوتر,7
بستنی,1
اطمینان,1
آذرگل,1
تبریز,12
پیمانکاری,1
آزمایشگاه,5
کیفی,1
تعمیرات,2
نظارت,2
تصویری,2
تدبیر,3
درسا,1
نگهبان,1
تجهیز,1
آزما,2
جوشکار,3
بابیمه,1
فیزیک,2
ورزش,1
لطیفی,1
کمالشهر,2
دستگاه,7
کارتخوان,6
پرداخت,1
سامان,3
دلیجان,1
منشی,47
چگال,1
آب,1
رئیس,2
حسابداری,18
کیمیدارو,1
عکاس,2
نیمه,4
دکوراسیون,3
داخلی,9
استان,5
هرمزگان,1
رسیدگی,1
شهر,5
آتی,1
کارا,1
آرنا,1
نوشابه,1
ارم,1
نوش,1
وینو,1
پلاستیک,1
مددکار,1
اجتماعی,4
خرید,3
سورنا,1
انتخاب,1
برتر,1
ظریف,1
مصور,1
فرایند,1
غرب,4
رستاک,1
جمع‌,1
آوری,2
اطلاعات,5
واحد,4
خزانه,2
بتن,2
سبک,1
کیمیای,1
بهروزی,1
نجار,1
ماهر,1
رُست,1
قوطی,1
قزوین,1
آموزش,6
تالیفی,1
دکتر,3
خلیلی,1
بازاریابی,25
حضوری,5
طلیعه,1
معماران,1
آرتا,4
حوزه,2
شبکه,5
اطلاع,1
رسان,1
بوشهر,2
صفر,1
ورود,1
فروشگاه,5
اینترنتی,2
لوکس,1
خودرو,4
ماساژور,1
خانم,110
تجربه,1
ودرامد,1
نفر,3
–,13
جذب,7
تعمیرکار,1
مخاطب,1
ادیتور,1
سوادبرای,1
یوتیوب,1
تبلیغات,2
قالب,2
بک,1
لینک,1
رپورتاژ,1
ناخن,1
مهندسین,1
معدن,1
معدنی,1
طراحی,3
مجموعه,23
پارامتر,1
پذیرش,6
آشنا,13
رایانه,1
روحیه,1
قوی,1
اتکا,2
رفاه,2
شهرستان,1
گرافیک,2
مسول,2
احمد,1
اباد,1
مستوفی,1
انبار,4
قرارداد,1
دفتری,6
بایگانی,1
ناظر,2
مقیم,1
افزارزیر,1
همکار,2
بانو,1
وقت,5
سالیان,1
درب,1
عمران,5
معماری,1
سال,2
سابقه,4
جوان,1
درنیکا,1
نظافت,2
خدمه,1
دبستانی,1
سئو,3
برنامه‌نویس,21
ارشد,21
React,3
Front,12
End,20
محتوای,2
گرافیست,7
مطب,3
خیابان,1
لاله,1
زار,1
فناوری,3
سلامت,2
کاری,1
مجرب,1
دستیار,5
دندانپزشک,1
ساکن,1
ویدئویی,2
تدوینگر,2
پروژه,5
مدل,1
ویدیو,1
تلگرام,2
پرسکار,1
بند,1
مرد,1
آکادمی,1
حمیدی,1
وگرافیست,1
دارای,3
برقکار,2
اتاق,2
معاون,1
نیازمند,1
تراشکار,1
پرسنل,1
اشنا,1
برد,1
الکترونیکی,1
خسارت,1
فردوس,1
پژوهان,1
کارپرداز,1
مسکن,1
کفش,1
مادو,1
غذایی,7
نظری,2
مرند,1
ردیف,22
ترک,1
هیدرولیک,1
office,1
ماهان,1
دفتردار,1
نظافتچی,2
باریستا,2
شارژی,1
پوشاک,4
مانتو,2
مدرک,5
کارشناسی,2
تغذیه,1
نمایشگاه,1
قصر,1
فرش,1
عامل,3
دعوت,19
همکاری,19
Bookhest,1
اعطای,2
نمایندگی,2
رسمی,1
برشکار,1
نمونه,2
دوز,1
قیچی,1
بخارکار,1
زنانه,1
محصولات,2
رویال,1
آفیس,1
آلفا,2
باروری,1
ناباروری,1
مهرمام,1
میهن,1
دیاکو,2
تهویه,1
کارمانیا,1
دنا,1
عباسپور,1
آدرین,1
وطن,1
خصوصی,1
آهن,2
هشت,1
رستوران,4
هانی,1
باسابقه,1
کاوه,1
رابین,1
ایمنی,1
HSE,2
استیل,2
تسلا,1
نقش,1
جهان,2
فلاورجان,1
آژانس,1
هواپیمایی,1
محدود,1
سهروردی,1
وسط,1
شاگرد,1
بچگانه,1
فلزی,1
اسپایک,1
پذیرایی,2
پژوهشگر,1
دانشجویی,1
لپ,2
ورونا,1
مترجم,1
کالای,1
چوب,1
سلطانی,1
php,1
تیز,1
دنیت,1
پدرام,1
بندر,3
بندرعباس,1
زمین,2
جنوبگان,3
املاک,3
روژانفر,1
دایانو,1
سازمان,2
بورس,1
اوراق,2
بهادار,2
ورزشی,1
کارتینگ,1
آزادی,1
معلم,1
دبستان,2
غیرانتفاعی,1
پروفیل,1
فولادی,1
برچسب,3
طوبی,3
مکفی,1
دانشگاه,1
علوم,1
اراک,2
گچ,1
فولاد,1
وصول,2
مطالبات,2
فن,2
آزمایشگاهی,1
سازمانی,2
ناریجه,1
برند,2
svi,1
کشتیرانی,1
ابریشم,1
مارین,1
ساختمانی,1
نشانه,1
کویر,1
آرشا,1
مجتمع,1
گلها,1
تشریفات,1
شعب,1
کارگزاری,3
مفید,1
پرش,1
هندسه,1
ماهرخ,1
کیان,2
سئوکار,1
خودرویی,1
هیوندا,1
کیا,1
دانا,1
بهره,1
وری,1
آرا,1
پوش,1
اسپادانا,1
دیبا,1
دنیم,1
اسلام,1
نظافتی,2
مدرس,10
زبانهای,1
خارجی,7
آموزشگاه,3
PLS,1
عربی,1
تک,1
وردپرس,2
پژوهشکده,3
آذر,1
ساتراپ,1
سهیل,1
رز,1
گلد,1
نگار,1
منابع,15
انسانی,16
موزع,1
وانت,1
مازندران,2
دیپلم,1
آروان,1
کتابفروشی,1
متخصص,2
تخصص,1
مغز,1
اعصاب,1
جامع,1
تخصصی,1
شاهین,1
دید,1
سهند,1
دارویی,1
داروخانه,1
میثاقی,1
زبانسرا,1
دات,1
آر,1
پاتکان,1
سپهر,1
الکتریک,1
گسترش,1
سانا,1
کیمیا,1
الکتروجوش,1
آناهیتا,1
تاسیسات,2
تشخیص,1
طبی,1
نامی,1
تزریق,1
آتلیه,1
عکاسی,1
نوزاد,1
فضای,2
مجازی,2
عمرانو,3
ظرفشوی,1
خواب,2
استان‌های,1
گلستان,1
پیشتازان,1
پاسارگاد,1
مهاجرتی,4
راشین,1
مونتاژ,1
بدلیجات,1
مپکو,1
مگنت,1
سینا,1
رادیولوژی,1
فک,1
آوران,1
صندوقدار,1
سنتی,1
سماواتیان,1
ساندویچی,1
غذا,1
سرام,1
آرای,1
فجر,1
زرین,1
سپیدار,2
پیشگامان,1
گستران,1
پیروز,1
مبدل,1
ژرف,1
اندیش,1
آبیک,1
کارافن,1
صندل,2
راهیان,2
آبی,3
کورل,1
سراجی,1
مشاوره,1
هیوا,1
موسیقی,1
فتوشاپ,1
بنیان,2
دورنمای,1
پذیرشگر,1
معاینه,1
آسمان,1
ساخت,1
تامکار,1
آموزگار,1
مدرسه,1
دامپزشک,1
ضدعفونی,1
کامیون,1
امام,1
خمینی,1
ره,1
زیست,1
رشد,1
فرنیا,1
آذین,1
اسنپ,1
گروپ,1
آشپز,1
کباب,1
پز,1
آشپزخانه,1
solid,1
works,1
قشونی,1
ترانس,1
تقویت,1
نارنج,1
Office,1
کوشا,1
پلاست,1
نیکان,1
سرو,1
سهی,1
فرداد,1
باران,1
درمانی,1
سرطان,1
معتمد,1
جهاد,1
دانشگاهی,1
فراز,1
Laravel,2
لاراول,2
کاران,1
توسعه‌دهنده,6
فول,2
استک,2
تستر,2
برنامه‌های,1
کاربردی,1
وب‌سرویس,1
عملکرد,1
منطقه‌ای,1
استقرار,1
نرم‌افزار,6
ERP,2
برنامه‌ریزی,3
CS,1
IMS,1
Core,3
تحلیلگر,5
محصول,6
توزیع,1
کالا,1
صادرات,1
دبیرخانه,1
کانالی,1
مویرگی,2
تحقیقات,3
بازار,6
معاونت,3
طرح,2
سهام,1
عمومی,2
دیجیتال,7
مارکتینگ,5
بیزینس,1
لاین,1
بک‌اِند,2
DevOps,4
اعتبارات,1
فرانت‌اِند,1
دستمزد,1
مجامع,1
شرکت‌ها,1
زنجیره,1
تامین,2
تضمین,3
بودجه,2
ترانزیت,1
FTTx,1
حرفه‌ای,1
هماهنگ‌کننده,3
بهینه‌سازی,1
انتقال,1
رادیویی,1
کابینت,1
کمد,1
سیستم‌ها,1
روش‌ها,1
حمل‌ونقل,1
بین‌المللی,1
اولیه,1
تیم,2
حسابرسی,2
اسناد,1
عملیات,1
لجستیک,1
لینوکس,1
هاستینگ,3
دورکاری,11
سرپرست منابع,1
نمایندگی‌ها,1
آنالیز,1
دستگاهی,1
میدانی,2
هورکا,1
VoIP,1
تماس,6
ساختمان,1
هوش,3
تجاری,4
گزارش‌های,1
شریک,1
فست,2
فود,2
اپلیکیشن‌های,1
موبایل,3
Junior,1
NET,4
Developer,12
PHP,8
Full,1
Stack,1
Senior,10
Back,9
Golang,2
ASP,2
پایگاه,1
Sql,1
Server,1
کهریزک,1
اندروید,1
Android,1
فارسی,1
کارآموز,2
بومهن,1
پژوهش,1
خلاقیت,1
مقطع,1
کتاب,1
معمار,1
اجرائی,1
Quality,1
Assurance,1
خبرنگار,2
شیفت,4
شب,4
end,1
Net,2
Node,2
js,2
iOS,1
رباط,1
کریم,1
صدور,1
نامه,1
C,3
قیمت,1
مشتریان,5
فیلمبردار,1
ReactJs,2
واردات,1
Asp,1
net,1
رزرواسیون,1
مانیتورینگ,3
Programme,1
Manager,7
هلو,1
شبکه‌های,2
Markup,1
Support,1
Engineer,3
VueJs,1
کلاس,1
آنلاین,1
چاپ,1
روابط,1
B2B,1
آموز,1
کال,1
سنتر,1
مدیریت,1
کاراموز,1
فرانسه,1
آلمانی,1
دوربین,1
مداربسته,1
کوردیناتور,1
خردسال,1
بزرگسال,1
اسکرام,1
مستر,1
Angular,2
Service,2
Desk,3
تدوین,1
استراتژی,1
NOC,3
حمل,2
زمینی,1
دریایی,1
جانبی,1
جاوا,1
Java,1
ناوگان,3
بابل,2
گرگان,1
Product,3
Owner,2
اسپلانک,1
SOC,1
IT,3
بازرس,1
Sales,1
SRE,1
تست,3
UI,1
کارشناش,1
امنیت,1
Help,1
NodeJS,1
NestJS,1
جاسک,1
ارزیابی,1
ارتقائ,1
HR,2
Administrator,2
Network,1
Security,1
کیش,1
مدیرعامل,1
دهنده,1
افزارهای,1
فرآیندی,1
معامله,1
Category,1
Social,1
Media,1
Account,1
پروژه‌های,1
پایدارسازی,1
گود,1
QA,1
JIRA,1
رگولاتوری,1
Human,1
Resources,1
Coordinator,1
کارسناس,1
مالک,1
Word,Count
شرایط,162
احراز,76
سن,26
سال,88
تحصیل‌کرده,1
پیگیر,12
منظم,49
مسئولیت,42
پذیر,34
تسلط,145
ورد,10
کامپیوتر,17
آشنا,73
حسابداری,51
پر,15
انرژی,14
انگیزه,22
دارای,99
ذهن,2
مثبت,4
نگر,2
روحیه,54
کار,272
تیمی,59
روابط,42
عمومی,36
برخورد,13
فن,18
بیان,19
مناسب,32
متعهد,18
موازین,1
شرعی,1
اخلاقی,1
سابقه,90
مزیت,24
محسوب,28
می‌گردد,2
شرکت,190
کلور,1
تکمیل,55
کادر,44
استان‌,11
خراسان,2
رضوی,2
شهر,18
مشهد,2
افراد,55
واجد,35
دعوت,43
همکاری,115
می‌نماید,17
کارمند,5
اداری,37
پلاستیران,1
استان,21
تهران,53
البرز,5
تکنسین,1
مکانیک,6
مدرک,28
کاردانی,7
کارشناسی,16
مهندسی,21
ترجیحا,16
برق,5
قابلیت,1
ماموریت,11
شهرستان,3
حضور,16
پروژه,31
خارج,10
ساعات,20
علاقمند,7
یادگیری,32
کارهای,5
فنی,42
دست,4
آچار,1
وضعیت,14
خدمت,12
پایان,11
معافیت,6
پزشکی,13
حقوق,91
قوی,16
مسلط,112
اکسل,15
تایپ,5
تولید,72
محتوا,22
آشنایی,142
وردپرس,7
المنتور,1
Green,2
Web,5
Holding,4
invites,2
the,6
following,2
qualified,2
people,2
to,10
complete,2
their,4
staff,1
in,10
MarkaziWe,1
are,6
looking,2
for,4
a,8
Technical,2
Team,2
Lead,3
Remote,2
The,2
mission,2
of,8
GreenWeb,2
Scholars,2
is,2
provide,2
reliable,2
intelligent,2
usable,2
transparent,2
cloud,2
services,3
at,2
fair,2
rate,2
safe,2
digital,2
transformation,2
our,4
customers,2
businesses,2
If,2
you,8
think,2
your,6
career,4
goals,4
line,2
with,4
organizational,2
and,8
eager,2
work,4
professional,2
team,2
just,2
send,2
us,2
CV,2
We,3
invite,2
an,2
ideal,2
environment,4
peace,2
mind,2
competitive,2
rights,2
amenities,2
motivational,2
programs,2
performance,3
appraisals,2
job,4
security,2
knowledge,2
growth,2
attractive,2
path,2
short,2
great,2
awaits,2
You,2
can,2
also,2
share,2
this,2
good,2
opportunity,2
capable,2
friends,2
be,2
effective,2
changing,2
course,2
lives,2
SQL,13
Query,1
نویسی,34
Stimulsoft,2
میشود,10
ساکن,15
سنی,10
سوابق,12
کاری,153
مرتبط,58
نیاز,99
هفته,13
ساعت,85
مفید,2
فیزیکی,1
دفاتر,4
مجموعه,17
غیرحضوری,1
آموزش,47
رایگان,5
برگزیدگان,1
اریکه,1
دانش,27
آریانا,1
پارس,3
مشاور,5
تلفنی,27
دورکار,1
لاین,4
کاشت,2
مو,3
ابرو,1
پویا,15
پرانرژی,15
علاقه,19
مند,10
توسعه,129
فردی,21
شغلی,53
شرکتهای,2
المللی,16
حوزه,41
نفت,1
گاز,1
پتروشیمی,2
امنیت,15
ارائه,139
بلندمدت,3
ساله,3
تحصیلی,22
مدیریت,136
مالی,84
بانکی,13
زبان,35
انگلیسی,29
بازرگانی,18
تولیدی,9
شاخه,1
خزانه,1
دستمزد,14
انبار,12
مالیاتی,14
تجربه,54
ثبت,53
اسناد,33
نحوه,10
بایگانی,12
مدارک,13
بررسی,78
تحلیل,69
موجودی,15
کالا,13
fifo,1
lifo,1
تداوم,1
تعقیب,2
پیگیری,69
جاری,7
اتوماتیک,1
سیستماتیک,2
توانایی,92
برنامه,92
اولویت,6
کارها,7
همراه,13
سرعت,12
کنترل,55
حفظ,25
نگهداری,22
مکاتبات,6
گزارشات,17
مربوطه,28
مفاصا,1
بیمه,98
تنظیم,26
لیست,12
ارسال,48
مالیات,19
دفاعیه,1
لایحه,1
عملیات,17
بستن,3
حساب,9
مقاطع,3
تهیه,121
صورت‏,1
گزارش‏,1
گزارش,51
کمک,27
تدوین,49
اظهارنامه,6
ارزش,16
افزوده,10
معاملات,9
فصلی,13
افزارهای,17
Word,8
Excel,6
فرمول,1
داشبورد,3
مدیریتی,11
دقیق,17
کلینیک,2
مدرن,2
لیزر,1
اصفهان,2
مدیر,40
فروش,172
پیج,5
اینستاگرام,15
محصولات,61
Photoshop,3
Edith,1
video,1
staf,1
Hormozgan,1
نقشه,6
کشی,2
خوانی,3
مدل,2
قطعات,11
الزامی,9
مهربان,1
کودکان,3
بازی,1
محور,2
کودک,6
لهجه,1
Native,5
or,1
like,2
MS,2
Doc,1
Powerpoint,1
فروشی,2
معتبر,13
نزدیکی,1
میدان,8
آهن,2
حسابدار,6
ESGTrade,1
فروشمدیر,1
داخلیمدیر,1
لجستیک,1
حمل,14
نقل,13
کارشناس,32
افزار,48
راهکاران,3
قانونی,12
غرب,3
شایگان,1
شبکه,59
اجتماعی,43
سعید,1
خادم,1
شهریار,1
باغستان,1
گروه,9
صنعتی,17
پارت,2
لاستیک,1
تولیدکننده,1
خودرو,3
شهرک,4
چناران,1
مهندس,5
مکانیکمهندس,1
الکترونیک,7
جوان,8
دیپلم,12
سرویس,21
ایاب,2
ذهاب,2
ارتباط,44
اداره,8
تجهیزات,25
دانشگاه,4
علوم,5
فرآیند,18
برقراری,20
پرسنل,17
صنایع,12
اطلاعات,57
سنجی,5
bom,1
شرق,4
فارغ,5
التحصیل,2
دانشگاه‌های,1
برتر,3
کشور,7
ارشد,10
متالوژی,1
مفاهیم,35
مواد,24
تضمین,3
کیفیت,36
مستندات,11
فاینال,1
بوک,2
روش‌های,20
ساخت,14
اصول,26
جداول,2
انطباق,19
تلرانس‌ها,1
بازرسی,5
آزمون‌های,2
غیرمخرب,1
اجرا,10
رنگ,3
آمیزی,1
استاندارد,8
عایق,1
انواع,11
پوشش,10
مهارت,29
توانمند,13
حل,41
مسئله,15
تصمیم,5
خلاقیت,11
نوآوری,1
اخلاق,5
وقت,30
شناس,6
منعطف,12
قبول,2
آ,2
آذربایجان,3
شرقی,3
منطقه,11
لوازم,4
خانگی,2
نور,1
راننده,3
نیسان,1
کورل,1
چاپ,3
صفحه,1
چینی,2
abobe,1
illustrator,1
چاب,1
آفست,1
ماشین,6
تمیز,6
ایراد,1
ایرانخودرو,1
اهوازی,1
دکل,2
اهواز,1
گچساران,1
درخشان,2
رزیتان,1
پردیس,2
سرپرست,7
تحقیق,28
توسعهکارشناس,1
توسعهمهندس,1
شیمی,7
مانا,1
مهر,3
شمس,2
پروشات,1
مرکزی,4
ICDL,4
لیسانس,6
مسائل,24
پشتیبانی,36
سیستم,33
دولتی,4
نوژن,1
گستر,2
گیل,1
گیلان,2
تلفنیمسئول,1
دفتر,7
پیاده,7
فرایندها,3
BPMN,1
اولیه,21
محاسبات,5
مصارف,1
تامین,52
زمانسنجی,1
MSP,1
سازمانی,28
محل,35
کارخانه,8
شورآباد,1
مجرب,3
موتور,3
تحصیلات,8
فتوبهمن,1
حسابدارکارگر,1
سم,1
افق,1
بهداشت,7
محیط,37
پانوآ,1
b2b,2
سامان,1
سپیدار,3
دارایی,3
مراجعات,2
حضوری,17
مشتاق,10
هشت,1
چرخشی,3
شیفت,17
صبح,46
عصر,12
فول,2
استراحت,2
ظاهری,3
آراسته,5
موجه,1
مذاکره,26
پارسیان,2
تکنولوژی,8
شیمیایی,1
بهینی,1
ری,1
انباردار,1
اتوکد,2
مدل‌سازی,3
معماری,26
رویت,2
Revit,2
شناخت,9
ضوابط,1
طراحی,81
فاز,3
جزئیات,5
نرم‌افزار,21
هماهنگی,30
مدل‌های,3
سازه,1
تاسیسات,5
برخوردها,1
Navisworks,1
مسئولیت‌پذیری,3
کارت,8
معاف,1
دائم,4
کیفری,1
امکان,34
شب,5
آرایشی,1
مراقبتی,1
پوستی,2
فعالیت,31
داروخانه,1
گالری,1
بازاریابی,62
فنون,7
تیم,77
مشتری,31
صنعت,15
لوله,1
اتصالات,1
پلی,1
اتیلن,1
سی,2
سازماندهی,8
دستیابی,18
اهداف,48
ماهانه,22
کانال,3
توجه,22
ظرفیت,8
موجود,9
اعتبارسنجی,1
مشتریان,116
فعلی,5
آتی,3
سرکشی,1
نمایندگی,4
مطالبات,3
CRM,8
شکایات,5
پاسخگویی,22
گواهینامه,1
رانندگی,2
پایه,7
نکات,3
سنگین,1
سبک,1
سلامت,7
غیرپزشکی,1
نجف,1
دانشجویان,6
سیکلت,1
مسئول,13
صبور,7
دریافت,29
رزومه,30
مطلع,2
مشخصات,7
مندی,1
کارجویان,1
نداشتن,2
بلامانع,5
اجرایی,13
زیبایی,3
مشابه,5
مداری,5
رهبری,12
آرایشگاه,1
جسمانی,2
مودب,1
تشریفات,2
پذیرایی,2
نظافت,3
تعیین,28
غذایی,2
OFFICE,1
پاسخ,11
سوالات,11
جنوب,1
پاکدشت,1
ورامین,1
قرچک,1
مراقبت,3
پوست,3
قدرت,8
اعتماد,7
نفس,3
صحبت,2
جمعیت,1
دوربین,2
صبوری,2
حد,7
مکالمه,3
تایم,2
موقع,26
تحصیل,1
خودداری,5
مهان,1
پلیمر,2
قم,3
کامپاند,1
پلیمری,1
پرگاس,1
طب,1
مازندران,2
شهرهای,1
ساری,1
چالوس,1
نماینده,5
علمی,1
کامندهای,1
لینوکس,4
اندازی,2
سرور,4
سرورهای,4
مباحث,4
رفع,19
خطا,1
ریکاوری,1
Network,3
شل,1
اسکریپتینگ,1
دیتابیس,7
Mysql,1
پیکربندی,1
Nginx,1
DNS,3
Python,1
مبانی,2
مجازی,16
عامل,4
LPIC1,1
دیجیتال,29
مارکتینگ,16
کامپیوتری,5
وب,23
کیفی,9
تعداد,4
نفر,8
جوشکاری,1
Co2,1
مونتاژ,1
آفیس,9
الزامیست,3
نظارت,80
دستگاه,3
خوان,1
شناسایی,44
جذب,23
معرفی,11
وسیله,1
نقلیه,1
خارجی,19
چگال,1
آب,3
آبیاری,1
زیست,2
فناوری,9
پیشرفته,4
منشی,2
رئیس,1
دارویی,2
بهای,3
بودجه,18
رایورز,1
افزارهایExcel,1
Access,1
گردشگری,2
اقامتی,1
گلستان,1
هرمزگان,1
یزد,1
عکاس,1
نیمه,3
حرفه,21
دکوراسیون,2
داخلی,28
متالورژی,1
آزمایشگاهی,1
پیمان,1
رسیدگی,14
تعمیرات,5
لیفترک,1
لیفتراک,1
تعمیر,2
گیربکس,1
هیدرولیک,1
محدودیت,4
انضباط,2
شنبه,64
چهارشنبه,49
کیلومتر,1
جاده,2
مخصوص,2
کرج,1
تابلوسازی,1
مدار,2
فرمان,1
مددکاری,2
بانوان,1
مناطق,5
آسیب,2
حاشیه,3
خرید,19
قرارداد,21
مراجعه,3
بازارها,1
بنگاه,1
جستجو,5
مزایده,1
مناقصه,1
نساجی,2
توابع,2
استعداد,5
دنیای,1
بازاریاب,2
ویزیتور,1
جمع‌,1
آوری,6
بدنی,1
قوطی,1
تبریز,1
مکانیککارشناس,1
کاربردیکارشناس,1
برقطراح,1
گرافیکاپراتور,1
قزوین,2
office,4
اینترنت,9
درک,18
جمعه,7
تعطیل,13
نیروی,10
شرکتی,5
نصب,9
سایت,21
گوشی,2
فروشگاه‌,1
اندروید,6
دفتری,4
نگارش,3
نامه,8
نگاری,2
ضامن,1
دولت,2
انضمام,1
سفته,1
خلیج,1
فارس,1
اطلاع,7
رسان,1
بوشهر,1
شبکهحسابدار,1
صفر,2
تجارت,18
ایرانیان,2
ورود,8
انبارگردانی,1
اینترنتی,5
روتین,1
دقت,13
برنامه‌های,36
کاربردی,8
پایگاه‌های,5
مایکروسافت,2
sql,3
تجزیه,32
مشکلات,27
راه‌حل,4
کد,16
نوشتن,8
طراحی‌شده,2
یاد,2
پردازش,9
شروع,7
جلسات,26
سفارش,8
کاربران,22
نهایی,7
پخش,3
محصول,61
غیره,28
مستقیم,12
آزمایشی,7
ماه,11
سفر,10
پاداش,34
مزایا,46
ثابت,19
پورسانت,15
ارزیابی,47
پذیری,7
تست,13
نفوذ,2
تنهایی,1
ارزیابی‌های,3
آسیب‌پذیری,1
متمرکز,2
دستی,2
آسیب‌پذیری‌های,2
شناسایی‌شده,1
قالب,5
Spara,1
OWASP,1
WSTG,1
دنبال,9
فرصت‌هایی,1
اسکریپت‌های,1
پیچیده‌تر,1
خودکارسازی,1
چک‌ها,1
ایجاد,55
ابزارهای,30
سفارشی,1
امنیتی,4
توضیح,2
راه‌حل‌های,8
اصلاحی,7
برجسته,2
آسیب‌پذیری‌ها,1
اشکالاتی,1
می‌یابیم,1
مخاطبان,4
اولویت‌بندی,3
گرافیکی,5
InDesign,1
ویدئو,1
Premiere,1
After,1
Effects,1
کلیپ‌های,1
موشن,2
گرافی,1
کاتالوگ,3
بروشور,3
لوگو,2
پست,9
شبکه‌های,11
استراتژی,20
هدایت,17
اپلیکیشن,7
Keepa,1
منظور,43
کمپین,12
اتوماسیون,5
بهینه,17
نرخ,4
تبدیل,12
ردیاب,1
شاخص,4
کلیدی,20
عملکرد,56
محاسبه,9
KPI,3
ROI,1
CAC,1
موثر,25
افزایش,18
ترافیک,4
صفحات,5
فرود,1
کاربری,4
اجرای,52
آزمون,4
A,1
B,1
موفقیت,7
شرح,38
شغل,26
تمرکز,4
طعم‌ها,2
عطرها,1
بازار,63
سیاست,4
رقبا,16
قیمت,21
آگاهی,2
عطرهای,1
گزارش‌های,57
بازدید,11
نمایشگاه‌ها,3
جلب,2
نظرات,1
تماس‌های,4
ایمیلی,1
لازم,32
وصول,3
نتیجه,9
سفارش‌ها,3
فرایند,7
مرحله,2
تحویل,15
روند,10
بازخورد,9
عوامل,3
کیمیاگران,1
بهزیست,1
نیازمند,5
وظایف,29
مسئولیت‌ها,8
واحد,30
می‌کند,10
؛,37
انتظار,6
فعالیت‌های,29
مربوط,61
جمله,18
نیازهای,29
عملکردی,4
مطابق,14
آخرین,4
فناوری‌ها,1
به‌روزرسانی,8
بومی‌سازی,1
اعمال,7
مشارکت,29
برنامه‌ریزی,47
اصلاح,5
بهبود,33
بهینه‌سازی,16
فرد,5
داده‌های,13
کافی,27
رضایت,4
دلایل,2
احتمالی,6
نارضایتی,2
جمع‌آوری,24
حل‌های,8
موثری,1
داده‌ها,20
تجزیه‌وتحلیل,16
مدیرعامل,5
دوره,19
ظهر,26
بالکافه,1
استقرار,10
تعریف,8
تغییر,4
سامانه,7
رسپی,1
فرآیندهای,16
سیستمی,3
حواله,1
درخواست‌ها,2
واحدهای,9
پایگاه,6
گزارش‌گیری,2
متخصص,6
محلی,5
زرین,3
شامل,18
انتخاب,6
کنندگان,18
مطلوب,5
مسئولیت‌های,6
اصلی,16
ذکر,2
دریافتی,8
الزامات,9
نظر,16
تعریف‌شده,2
پیشنهادها,6
درخواست,11
قیمت‌ها,2
تخصصی,18
هزینه,13
انعقاد,4
قراردادهای,6
رعایت,4
قوانین,14
دستورالعمل‌های,5
سازمان,44
رویدادها,4
ادغام,5
عیب‌یابی,3
ویژگی‌های,8
گسترش,2
گره,1
جریان‌های,1
متعددی,1
nwg,1
g,4
mkt,1
حقوقی,11
تعامل,17
پیاده‌سازی,25
cs,6
ims,3
ابری,3
حمایت,4
تجاری,30
mtnirancell,3
nirancell,3
عناصر,3
svc,2
c,4
منظر,3
اطمینان,59
حاصل,11
رشد,26
می‌دهد,5
نصب‌شده,1
متقابل,1
کمبودها,1
kpi,2
شاخص‌ها,3
مستقیمی,1
وفاداری,2
تیم‌ها,1
هم‌کاری,14
قدیمی,1
دسترسی,29
رادیویی,2
ipbb,1
ps,1
tx,1
ocs,1
pcrf,1
emm,1
صورتحساب,2
Capex,1
opex,1
پی‌گیری,13
فروشنده,1
ویژگی,7
روترهای,1
تور,2
eor,1
ce,1
cloudcore,1
dcore,1
فروشندگان,3
همسویی,2
تکامل,1
فن‌آوری,7
ابر,2
بومی,1
مبتنی,7
مجدد,5
نوسازی,1
محصور,1
میکروسرویس,2
راه‌حل‌هایی,1
nsa,1
هم‌گرایی,1
SA,1
هسته,1
mvnos,1
طبق,9
تیم‌های,6
رومینگ,1
ملی,1
بین‌المللی,5
نقش,4
شخصی,6
پورتال,1
کاربر,12
سیستم‌های,9
توزیع‌شده,1
پشتیبان,4
nodejs,2
رابط‌های,3
پیشرو,5
javas,1
t,1
html,1
css,1
واکنش,2
اشکال,4
زدایی,3
طول,6
چرخه,4
عمر,4
اجزای,2
قابل‌استفاده,1
پرس,2
جوهای,1
پایگاه‌داده,3
دستورالعمل‌ها,11
اخذ,5
کارشناسان,2
ترخیص,3
گزارش‌ها,16
بیزاجی,1
هفتگی,15
فرم‌های,2
سفارشات,9
تخصیص‌ها,1
بهره‌وری,5
رقابت,1
کسب‌وکار,10
پروژه‌ها,7
اندازه‌گیری,3
توافق,4
فرصت‌های,10
مکالمات,1
بالغ,1
سطوح,5
ورودی,7
اشتراک,3
علامت‌گذاری,1
نیمکت,1
فرایندهای,10
پیچیدگی,1
خریدها,1
مذاکرات,5
واردات,7
درخواست‌های,7
دسترس,4
اعتبار,3
توزیع,13
اقلام,3
خریداری‌شده,1
بارگیری,2
پیشبرد,6
تحقیقات,15
فرمی,1
ویزیت,5
پزشکان,10
داروخانه‌ها,4
اختصاصی,1
قلمرو,4
تماس,21
اخبار,2
وداروخانه‌ها,1
اعتراضات,1
حرفه‌ای,14
مشکل,9
داروخانه‌های,1
معلم,1
مهد,1
دبستان,1
درسی,1
آموزان,1
توانایی‌های,2
مهارت‌های,24
راهنمایی,11
پروژه‌های,10
دانشجویی,1
رویکرد,2
انعطاف‌پذیر,1
فعال,19
دانشگاهی,1
مساله,4
نظم,3
تمایل,5
می‌گیرد,1
سیستم‌ها,6
جذاب,2
سند,2
استعلام,1
شهرستان‌ها,1
مرجوع,1
کالاهای,4
محوله,13
دوره‌ای,13
مقایسه,3
هزینه‌های,14
بودجه‌بندی,2
صورت‌های,8
صحت,10
گزارشگری,1
استانداردهای,11
رویه‌ای,3
مغایرت,8
حساب‌ها,4
بدهی,3
حصول,16
پرداخت,28
حسابرسی,22
مشاغل,3
اموال,3
اطلاعاتی,4
توصیف,2
موقعیت,23
ملک,3
درآمد,8
خزانه‌داری,3
پرداخت‌ها,5
بانک,7
صورتحساب‌های,2
گردش,4
وجوه,4
نقد,6
فرمت,4
بانک‌ها,2
کیهان,4
هونامیک,4
صادرات,4
فولادی,4
شمش,2
فولاد,3
اقدام,8
سفارش‌های,1
بازارهای,12
جهانی,2
گمرک,2
فارسی,3
مزایای,23
محیطی,13
امن,6
پیشرفت,22
پنجشنبه,18
استراتژی‌ها,3
راهبردهای,1
استراتژی‌های,8
سئو,12
ایمیل,8
گوگل,6
ادز,1
اینفلوئنسر,1
کمپین‌ها,3
کمپین‌های,5
تبلیغاتی,21
بهینه‌‌سازی,1
متناسب,5
تارگت‌های,1
بیزنس,1
پنجشنبه‌ها,9
تکمیلی,30
پاداش‌های,1
مناسبتی,5
فوری,3
رسیدن,6
چسب,2
بازدیدهای,1
می‌دانی,1
تکرار,2
kpis,3
فروشگاه,2
سازنده,3
دید,2
حجم,3
اندازه,4
افت,1
استانداردها,3
نمایندگان,8
رفتن,1
تقسیم,4
سرپرستی,4
تخصص,4
مقرر,2
صلاحیت,1
پیمانکاران,4
مافوق,5
سﺎیتهﺎ,1
بﺎزارهﺎ,1
مشتریﺎن,3
بﺎزارهﺎی,2
شنﺎسﺎیی,3
منﺎبع,1
سﺎیتهﺎی,1
اطﻼعرسﺎذی,1
بﺎزاریﺎبی,1
آذﻼین,1
وضﻌیت,1
مشتریﺎذی,1
قپﻼً,1
بﺎ,2
کﺎر,1
میکردذد,1
ارسﺎل,1
تپلیغﺎتی,1
شرکتهﺎی,3
متﻘﺎضی,1
بﺎزرسی,3
مطالعه,8
شنﺎخت,1
ویﮋه,1
تحﻘیق,1
ذحوه,1
رفتﺎر,1
رقیب,2
اذجﺎم,1
ذﻘﺎط,2
ضﻌف,2
قوت,5
رقپﺎ,1
اراﺋه,1
راهکﺎرهﺎیی,1
بهپود,1
استخدام,38
کارکنان,33
صدور,13
احکام,3
پرسنلی,7
مرخصی,4
انتصاب‌ها,1
اطلاع‌رسانی,2
اطلاعیه‌ها,1
آیین‌نامه‌ها,1
رفاهی,5
درمانی,1
تسهیلات,11
توافقی,11
امحائ,1
طبقه‌بندی,2
نامه‌های,4
بایگان,1
ی,3
دبیرخانه,2
به‌کارگیری,2
پاسخ‌دهی,2
تلفن,14
مدیران,10
محتوای,11
دیجیتالی,1
هماهنگ,3
رسانه‌های,9
شیوه‌ها,1
پیشرفت‌ها,1
نویسندگان,1
طراحان,2
آموزنده,1
بوجود,2
می‌آید,1
مطالب,3
نوشتاری,3
بصری,3
ارائه‌های,1
کاناله,2
تقاضا,2
موقت,4
محدوده,22
تطبیق,3
هزینه‌هایی,1
کارمندان,2
حساب‌های,5
پرداختی,5
رساندن,8
حرکت,5
تلاش,16
داروسازان,3
رضایتمندی,2
حومه,1
علاقه‌مند,7
می‌نماییم,1
اهم,1
راهبری,4
عملیاتی,7
تحقق,11
تیم‌سازی,1
همراهی,2
گزارش‌گری,3
تخفیفات,1
تبلیغات,15
مرجوعی‌ها,1
موانع,2
رصد,7
پتانسیل‌های,1
زیرمجموعه,3
تارگت,3
برگ,1
سیب,1
سبز,1
هولدینگ,1
مارینا,1
روندهای,1
داشبوردها,1
پیش‌بینی,9
طرح,16
طرح‌های,6
انحرافات,4
موسسه,7
تنخواه,3
گردانی,3
مقام,3
مبنای,5
مقررات,12
مصاحبه,9
چشم,3
انداز,2
جهان,5
تراز,1
است,1
همکارانی,1
بتوانند,1
الگوبرداری,3
تجربیات,1
موفق,8
سازمان‌های,6
نقاط,6
دنیا,2
افتخار,2
همکاری‌,1
اش,1
فارابی,1
بالفعل,2
پیشنهاد,5
فرصت,13
رقبای,2
آفرهای,1
کشف,3
نیچ,2
مارکت,1
پلتفرم,4
سرمایه,15
همایش,2
نمایشگاه,6
تحقیقاتی,3
مراحل,3
پایش,11
ضعف,5
مطالعات,5
ترندهای,2
اثربخشی,4
آینده,5
اقدامات,11
ارتباطی,13
رسانه‌ای,2
کانال‌ها,1
آنلاین,8
وثیقه,1
بینش,4
برند,13
شکاف‌ها,1
جغرافیایی,1
سودآوری,4
تحت‌تاثیر,1
تصمیمات,2
بخش‌ها,3
posm,1
m,1
نقطه,4
فعال‌سازی,1
خروجی,5
حمایتی,1
رفتار,8
مصرف‌کننده,5
مارک‌ها,3
ردیاب‌های,1
کسب,10
خط,11
مشی,4
دستورالعمل,2
اجرائی,1
کوتاه,2
معیارهای,5
اعتباربخشی,1
استراتژیک,4
سیاست‌های,9
آیین,1
نامه‌ها,3
برنامه‌ها,9
فرآیندها,7
گواهینامه‌های,1
قبیل,3
ISO,1
ممیزی,3
سیاست‌ها,6
بازخوردها,2
واحدها,5
مصوب,6
روش‌ها,4
رویه‌های,5
تسهیل,2
فرصت‌ها,2
تهدیدهای,1
رقابتی,5
جامع,7
تمایز,1
می‌دهم,2
تغییرات,9
پیام‌های,1
افشای,1
سخنگویان,1
انتشار,10
مطبوعات,1
رویداده‌ای,2
تحلیلگران,2
کارگزاران,2
فایل‌های,1
فارابورس,1
پروکسی,1
تحلیلگر,1
جامعه,5
سرمایه‌گذاری,6
بورس,1
اوراق,1
بهادار,1
کنفرانس‌ها,1
نمایشگاه‌های,1
جاده‌ای,1
سرمایه‌گذار,1
دیدگاه,1
نتایج,10
دیدگاه‌های,1
تاثیر,6
سهام,3
سود,5
یکپارچگی,1
مالیات‌ها,1
تعهدات,2
sso,2
شرکت‌ها,2
عملکردهای,1
شیوه‌های,4
بسته‌های,2
جبران,5
خسارت,2
اسنپ,2
ارائه‌دهنده,1
پیشگام,1
سواری,1
ایران,5
صاحبان,1
تلفن‌های,2
هوشمند,2
سوار,3
رانندگانی,1
خودروهای,1
خصوصی,3
متصل,1
بلندپرواز,1
درگیر,1
هیجان‌زده,1
فشار,1
مرزه‌ای,2
ارتباطات,6
سرنخ,2
تبلیغ,3
روندها,2
بینش‌ها,2
راه‌اندازی,4
بس‌ترهای,1
طوفان,1
فکری,1
خلاق,29
roi,1
اندازه‌ای,1
چارچوب,2
سازگاری,3
رسانه,2
گرافیک,5
تصاویر,4
آرم‌ها,2
چاپی,3
اشیا,1
نمادها,1
پوشش‌ها,1
بنرها,1
پوسترها,1
گیف,1
شریک,2
مهلت‌ها,1
برآورده,2
برنامه‌ریزی‌شده,3
لزوم,9
فعالیت‌ها,4
سرب,1
مشاوره,11
ترویج,2
ایده‌آل,7
مکالمهمسلط,1
ارزیمسلط,1
گمرکی,2
الملل,1
مجوز,4
کالامسلط,2
خارجیآشنایی,1
سورسینگ,1
رتبه,2
خارجیارتباط,1
کنندگانارتباط,1
محک,1
مارتک,1
زمینه‌های,4
شرکای,3
منابع,28
پارامترهای,5
پایبندی,6
دهنده,2
هوشمندترین,1
مقیاس,3
درجه,1
آزمایش,5
کارآمد,5
طرح‌ها,4
مطابقت,3
نسخه‌های,1
نرم‌افزاری,1
جایگزین‌ها,1
فن‌آوری‌ها,1
مهندسان,2
فن‌آوری‌های,2
طیف,1
گسترده‌ای,1
رابطه‌ای,5
منبع,1
چک‌های,1
انتقال,25
اعتبارات,1
بدهی‌ها,2
اصلاحات,2
رویا,2
زیرساختی,1
دستگاه‌های,3
رایانه,4
لپ‌تاپ,1
دستگاه‌ها,2
فایل,2
خطوط,4
دوربین‌های,1
سخت‌افزار,1
رابط,3
صوتی,4
مرکز,7
voip,1
مستندسازی,8
دارایی‌های,3
جدیدی,1
کدها,1
کتابخانه,5
بسازید,1
UI,2
UX,2
back,1
end,1
تایید,8
اعضای,8
ذینفعان,4
سهم,2
برسوابق,1
شکاف‌های,1
پاسخ‌گویی,1
پیام‌ها,2
یادآوری,1
صورتجلسات,2
برندینگ,1
اضافه,17
سطح,14
آسیب‌شناسی,1
سازمان‌ها,2
خصوص,9
انسانی,25
راستای,9
نظام‌های,1
شرکت‌های,4
تعهد,8
تعلق,2
مشاوره‌ای,1
فراخور,1
امورات,2
تومان,13
دست‌مزد,4
برگه‌های,1
وارد,8
فصل,1
توضیحات,6
تمدید,2
تسویه‌حساب,1
خاتمه,1
مجامع,2
وظیفه,2
فرآورده‌های,1
گوشتی,1
تانیس,1
بازسازی,1
چیدمان,1
علاقه‌مندان,2
خرسند,1
بخشنامه‌های,3
زمانبندی,4
ساختار,5
شکست,2
WBS,2
CBS,1
تحلیلی,9
آنالیز,4
علل,2
تاخیرات,1
رویه‌ها,3
ریسک‌های,1
ریسک,7
آرشیو,1
فایلهای,1
اقتصادی,5
کسب‌وکارهای,1
نوآورانه,2
بهستان,1
بهدشت,1
ارتقا,10
واگذار,1
دستاورد,1
بازدیدها,1
آموزشی,27
داروسازی,1
دامپزشکی,1
زیست‌شناسی,1
پرستاری,2
مامایی,1
میکروبیولوژی,1
تغذیه,1
ms,1
قادر,2
حقایق,2
پرونده,2
محدودیتی,1
دسته‌های,1
مراقبت‌های,2
بهداشتی,2
اشتغال,3
تمام‌وقت,3
عارضه‌یابی,1
تعالی,1
بروزآوری,1
یکپارچه‌سازی,1
2015ISO,2
IATF,1
ارزاق,1
بن,3
نهار,1
آلات,4
افتادن,1
فضای,18
مساعد,3
صحیح,3
URS,1
آثار,2
هنری,2
پول,3
خرد,2
بخش‌های,3
حاکمیت,2
زمان‌بندی,1
ردیابی,1
رسانی,11
هزینه‌ها,4
ترانزیت,1
پایتخت,1
توجیهی,1
اسکان,1
تخلیه,2
فهرست,1
القائ,1
دستیاران,1
خانه,2
مسولیت,3
روزمزدها,1
شیوه,2
مخابراتی,1
تکالیف,2
مسکن,2
اتاق,1
مهمانخانه,1
اثاثیه,1
غذا,2
MSF,1
ستاد,1
مسئولی,1
ت‌ها,1
برگزاری,15
متعدد,6
پکیج,3
فاکتور,9
عقد,5
ابزارآلات,1
ماشین‌آلات,5
فیکسچرهای,1
تابعه,1
مسئولین,1
ذیربط,4
راندمان,1
صورت,1
ِ,1
ماهه,2
جمع‌بندی,1
کارمندیابی,1
استخدامی,5
رزومه‌های,1
کمیته,2
پذیرفته,7
شدگان,2
نیروهای,7
گواهی‌های,1
کسر,1
استعدادهای,2
جانشین,1
پروری,1
ارتقای,5
نمودارهای,2
حوزه‌های,4
کارکرد,3
قطع,1
همکاران,10
عمران,1
حفاری,3
ترنچینگ,1
بابکت,1
کابینت,2
هندهول,1
FAT,1
FTTx,1
چک,3
لیست‌های,3
امکان‌سنجی,2
برداشت,1
شهری,1
ازبیلت,1
عمرانی,1
سازمانهای,2
شهرداری,1
راهور,1
کارگاه,2
اتمام,2
ملاقات,2
بلند,7
عضو,3
hse,3
ایمنی,10
محیط‌زیست,1
موضوعات,5
آماری,4
f,1
jsa,1
jha,1
کمک‌های,2
آسیب‌دیده,1
ریشه‌ای,1
حوادث,4
پیشگیرانه,4
ستاره,1
توقف,1
تمرینات,2
اضطراری,5
جزئی,2
فازهای,1
نرم‌افزارهای,6
تخصیص,2
مکانبات,1
ذیتفعان,1
وبلاگ‌ها,1
کانال‌های,5
gmp,1
لینکدین,4
فیس,1
تویی‌تر,1
قیف,2
توصیه‌هایی,1
crm,4
جستجوگرها,1
برآورد,3
تحلیل‌های,1
سه‌ماهه,2
تکنیک‌های,1
خاص,2
معیارها,2
رونده‌ای,1
زمان‌های,1
تقویم,5
شفافیت,6
سادگی,1
نمایش,1
ویرایش,2
درصد,2
چارچوبی,1
بازنگری,4
اسمی,1
تفصیلی,1
ملاحظات,2
کلان,2
مرزهای,1
راهکار,5
لینک,4
پیداکردن,1
نودهای,3
لینک‌ها,1
تخمین,1
نیازمندی‌های,1
پایانی,1
نارسایی‌های,1
همراستایی,1
پارامترها,2
شاخص‌های,5
همراستا,1
دیتابیس‌های,1
اجزا,1
آن‌هابا,1
موقتی,1
رخدادها,3
جایگزینی,2
تجهیز,1
امکانات,5
نارسائی,1
اثرات,1
دیتا,3
بیس,2
نارسائیهای,1
مرجع,4
ذی,3
ربط,3
پیشگیری,3
مقابله,4
زیستی,1
آمادگی,2
رخدادهای,3
انطباقهای,2
گزارش‌دهی,5
شخصیت‌های,1
نیازها,2
انگیزه‌ها,1
نگرانی‌ها,1
چیزهای,2
بنویسید,2
برقرار,3
راضی,2
نگه,4
داستان,1
آماده,5
وب‌سایت,1
پروپوزال,3
کلمات,3
بعدی,2
کمد,1
چوب,1
احمد,1
مستوفی,1
مقرون‌به‌صرفه,1
پیش‌بینی‌های,1
اتحاد,1
شکارچیان,1
آژانس‌های,5
نهاده‌ای,1
موسسات,2
مسیرهای,2
سطح‌بندی,1
پروفایل,1
نامزدهای,2
قابل‌اعتماد,2
القا,1
شده‌برای,2
کارفرمای,1
دانشگاه‌ها,1
آژانس‌ها,1
انجمن‌های,1
ابزارهایی,1
مشترک,2
تحرک,1
ارزش‌ها,2
فرهنگ,2
فلسفه,1
گذاشتم,1
ورودی‌های,2
جلسه,2
پولی,1
اضافی,1
انحراف,2
اظهار,2
اختلافات,1
ترازنامه,1
زیان,2
نظارتی,4
هیات‌مدیره,1
مفروضات,1
مستقل,3
حسابرس,1
صادر,1
اختلاف,1
موضوع,2
هانزا,4
کشتیرانی,2
حمل‌ونقل,6
هوایی,2
جوانان,3
مسئولیت‌‌ها,2
محموله‌های,2
تبادل,3
ارائه‌دهندگان,2
صمیمی,9
واسطه,2
به‌موقع,2
پاداش‌,2
هدایای,5
اعم,3
وام,9
راهکارهای,9
ساعت‌ها,1
تصویر,2
مکان,3
nestle,1
le,1
هماهنگ‌کننده,2
انبارهای,1
برآوردن,1
تقاضای,1
زندگی,1
آزمایشگاه‌های,1
مد,1
gmo,1
حلال,1
امضا,1
ذخیره‌سازی,2
ازای,1
توصیه,3
تامین‌کننده,1
استخراج,1
خطرات,5
haccp,1
qms,1
پیچیده,6
CPO,1
قضاوت,1
تعاملات,2
روان,2
تدارکات,2
ترتیب,3
نویس,5
دستور,2
استندآپ,1
ریسک‌ها,3
جنبه‌های,1
ابتکارات,3
مهم,7
مثال,2
مقالات,2
حسابرسی‌های,1
کاره‌ای,1
یافته‌ها,1
دارایی‌ها,1
رسیدها,2
قانون,5
کوتاه‌مدت,1
مدت,1
تعیین‌شده,3
ia,1
روش‌هایی,1
گونه‌ای,1
تشخیص,4
کنترل‌های,1
ناقص,1
مضاعف,1
اسراف,1
کلاهبرداری,1
کارایی,2
عهده,2
عینی,2
حفاظت,3
مشورتی,1
توصیه‌ها,1
پذیرفته‌شده,1
می‌شوند,1
ارتقائ,6
ساختمانی,2
حین,3
جایگاه,3
نستله,3
رهبر,1
شایستگی‌های,1
آموزش‌های,1
مربیگری,2
دوره‌های,5
مطمئن,2
می‌شوید,1
منتظر,3
می‌گذارید,1
ترک,1
Shift,1
Hand,1
Over,1
اختیار,1
خانواده,3
جزوه,1
بسته‌بندی,2
برچسب,1
دیجیتـال,1
طراحـی,2
بسته‌بنـدی,1
کمپیـن‌های,1
متنی,3
تصویری,2
ویدئویی,1
وبسایت,3
تلگرام,1
هندل,1
PR,1
واریزی,1
تسویه,3
پرزنت,1
آمار,2
تحلیل‌ها,1
همایش‌ها,1
زنجیره,1
لجستیکی,1
مسیریابی,2
ایمن,2
محموله‌ها,2
جدول,1
خرده,2
فروشان,2
تاکتیک‌های,1
تلخیص,1
به‌طور,1
مسقیم,1
امر,2
می‌پردازند,1
شبکه‌سازی,1
سایبری,1
پویای,1
مصرف,2
کارزارهای,1
برون,1
سپاری,1
تسهیم,1
هوش,5
مالکیت,3
معنوی,3
قرارها,2
فکس,1
کپی,1
خرابی,2
برطرف,2
خوش‌آمد,1
بازدیدکنندگان,1
گیرندگان,1
قالب‌بندی,1
بازیابی,2
پیش‌نویس,3
پرسشگری,1
یافته‌های,1
نمودارها,1
مکتوب,3
فهم,1
پرسشنامه,1
نظرسنجی,1
گردآوری,2
تفسیر,2
آمارها,1
پک,2
پرتلاش,4
می‌کنید,8
مسیر,7
علاقه‌مندید,1
ببینیم,1
عیب,3
جانب,1
تیکتینگ,2
لاگ,1
mail,1
CMS,1
Backup,1
Restore,1
Domain,1
SSL,1
Abuse,1
Database,3
سرپرستان,1
روزها,1
تعطیلات,4
رسمی,5
تا,1
مصاحبات,1
هماهنگی‌های,2
تبیین,1
بیانیه,1
چشم‌انداز,1
نهادینه,1
شایسته,2
مناسبت‌های,1
اعیاد,2
تولد,2
تفریحی,2
بالاترین,1
اراِئه,1
نگهداشت,1
نمایندگی‌ها,1
مدون,1
تصمیمی,1
گیری‌ها,1
شمال,3
درخواستی,1
بارگذاری,2
تمهیدات,1
دستگاهی,2
دستگاه­‌های,1
فرسوده,1
جدی,1
پنچشنبه‌ها,1
اجباری,1
ارگونومیک,1
ایستگاه,6
بدن,1
رایج,2
قبولی,2
RULA,1
OWAS,1
REBA,1
استرس,2
روانشناسی,1
جسمی,1
جابجایی,1
ضروری,2
بحران,1
مانورهای,1
آتش,2
نشانی,2
امداد,1
نجات,1
مواقع,1
اتخاذ,1
تدابیر,1
HSE,2
Lag,1
فرآیندهایی,1
کارخانه‌های,1
ایرانی,1
نیازسنجی,1
شاغل,2
آفلاین,1
گلدیران,1
میدانی,1
تفکیک,1
پروپوزال‌های,1
فیلد,1
هتل,2
رستوران,2
کافه,1
مراکز,4
ایونت,2
ایونت‌ها,1
هورکا,1
معاونت,2
درمان,7
موقعیت‌های,1
سپرده‌ها,1
زیرساخت‌های,1
VoIP,2
Call,1
Center,1
خواسته‌های,1
تراکنش,1
تیکت‌های,1
مستندکردن,1
پروسه,1
زیرساخت,1
بستر,1
Incident,1
Handling,1
SLA,1
پایداری,1
سیمی,1
بی‌سیم,1
شفاهی,1
کتبی,2
حوزه‌ی,1
ترتیبات,1
عالی,14
ارائه‌ها,1
sol,1
ترکیب,1
متغیر,1
انجام‌شده,1
معنی‌داری,1
برندها,2
روابط‌عمومی,1
scm,1
منظوره,1
بودجه‌های,1
می‌گیرند,1
هنر,1
الکترونیکی,5
شهرت,2
پیش‌نویس‌ها,1
دعاوی,2
یادداشت‌ها,1
موافقت‌نامه‌ها,1
محافظت,1
منافع,1
کاهش,6
دفاع,1
پیامدهای,1
ببرد,1
نقض,1
برنده‌ای,1
حریم,1
قابل‌توجهی,1
کامیون,1
ارقام,1
قصد,1
معایب,1
قائم,1
سازه‌های,1
فونداسیون,2
اسکلت,1
دوار,1
نحو,1
درصورت,2
استعدادترین,1
w,2
صلاحیت‌ها,2
سایت‌های,2
شکار,1
ارجاع,2
آگهی‌های,1
غربالگری,1
مصاحبه‌های,2
شایستگی,5
جویندگان,1
آماده‌سازی,2
کارفرما,2
کارآموزان,3
گزینه‌های,2
شبیه‌سازی,1
رایانه‌ای,1
ارزیابی‌ها,1
مشاوره‌های,1
گروه‌های,1
شرکت‌کننده,1
اقامت,1
بینانه,1
توانمندی‌ها,1
مهارتهای,8
مصرفی,2
شناسنامه‌های,1
تعمیراتی,1
روال‌های,2
انبارش,2
محول,1
مخارج,1
سرمایه‌ای,1
پشنهادات,1
املاک,2
تشویقی,3
درصدی,1
جمعه‌ها,1
جستجوی,1
پیوستن,1
ترکیبی,1
متعادل,1
نامزد,1
نمونه,11
خیریه,1
می‌گذارد,1
متخصصان,1
همفکر,1
ملحق,1
تشدید,1
ملزومات,1
مکاتبه,1
ترغیب,1
منطم,1
طبقه,1
الگوی,1
راهکاری,1
منبع‌یابی,1
پلتفرم‌های,1
گزارش‌نویسی,2
آن‌‌ها,1
بیش‌تر,1
بازبینی,1
فاکتورها,1
قراردادها,2
آن‌ها,1
بازخوردهای,1
علایق,1
پتانسیل,1
وفادار,1
غرفه‌های,1
نمایشگاهی,2
به‌روزآوری,2
شرکتهماهنگی,1
تستهای,1
بتن,1
تاییدیه,1
تصمیم‌ساز,1
مشورت,1
عمیق,9
استخدام‌های,1
ترفیع‌ها,1
انتقالات,1
صرف,1
py,1
redis,1
postgresql,1
gresql,1
mon,1
b,1
نوشت,1
برنامه‌نویسی,3
خودکار,1
می‌توانید,2
مبادله,1
نظری,1
بحث,1
بازیکنان,1
شهود,1
طبیعی,1
می‌توانند,2
برتری,1
سریع‌تر,1
هوشمندتر,1
اسپرینت,1
گذشته‌نگر,1
بزرگ‌تر,1
مشارکت‌های,1
بستگی,1
اثبات,2
متناقض,1
احساس,2
منتشر,1
نمی‌نامید,1
فست,1
فود,1
متناظر,1
لانچ,1
متنوع,2
استند,1
ابزار,4
مکفی,1
عیدی,8
سنوات,7
مهمانان,1
وسایل,2
آبدارخانه,2
مایحتاج,1
رویدادهای,3
ضایعات,2
مشخصه,2
کنترلی,2
هدف‌گذاری,2
برآورده‌سازی,1
سنتز,1
فرمولاسیون,1
تقویت,3
سبد,2
متقاضیان,4
پایدار,1
iOS,1
امورکارکنان,1
برعهده,1
نظارت‌ها,1
پیش‌گیری,1
به‌روز,1
اطلاعیه‌های,1
حسن,2
مدیریت‌های,2
کاریابی,1
آزمایش‌های,1
مقدماتی,1
دورکاری,7
دوشنبه,1
انگلیس,1
شناور,2
نقدی,1
ویزا,1
مهم‌ترین,1
Geeks,1
up,1
پرداخته,1
ارایه,1
میدهیم,1
اینترنشنال,1
هموار,2
ارتقاع,1
تکنیکال,1
میخواهیم,1
شی,6
گرا,6
فرانت,4
بک,1
میکرو,1
AWS,1
یکپارچه,1
نوظهور,1
جنسیت,5
فرقی,1
ساز,2
افگیگا,1
استک,3
PHP,4
php,2
افزونه,2
Rest,2
API,10
هوک,1
ووکامرس,1
jquery,3
vuejs,1
لاراول,3
socket,2
امتیاز,7
NodeJS,1
کدنویسی,3
اشاره,2
دپارتمان,1
نگین,1
خانم,16
می‌باشد,2
✓دارای,1
شخصیت,2
✓,12
برندسازی,1
الگوریتم,6
عکاسی,1
کلیپ,2
ایده,9
پرداز,4
فتوشاپ,6
ادیت,2
فیلم,2
هشتک,1
کپشن,1
استوری,2
کامنت,1
دایرک,1
مشاوران,1
مهاجرتی,4
اعزام,2
دانشجو,1
صبا,1
پلن,1
متوسط,4
مشاورین,2
مسافرتی,1
بلیط,1
Restful,7
Golang,1
Logically,1
چالش‌های,1
آروان,1
بلد,1
تست‌نویسی,1
‌آشنایی,1
TDD,1
Refactoring,1
الگوهای,1
Scaleable,1
مسله,1
NoSQL,2
Version,6
Control,3
Git,11
Enterprise,1
Message,2
Brokers,1
Redis,4
Containerize,1
Concurrent,1
اَوستا,1
ذیل,8
C,5
EntityFramework,1
modelFirst,1
CodeFirst,1
ASP,7
Net,4
WebForm,1
MVC,6
Core,5
Jquery,3
Bootstrap,6
CSS3,3
Server,8
T,3
RestFull,1
تلسط,2
React,12
js,10
اهمیت,5
تشویق,1
مستحکم,1
جنب,1
جوش,1
ایدال,1
روبروی,1
توانمندی,8
بدنبال,3
Developer,2
مخابرات,1
فرمایید,1
TSQL,1
Stored,1
Procedure,1
Function,1
Trigger,1
CTE,1
Table,1
Profiler,1
query,1
Tuning,1
tuning,1
SERVER,1
JOB,1
مسئولیت‌پذیر,1
پشتکار,11
مبلغ,2
متقاضی,4
قرض,2
الحسنه,2
کرونا,1
پاسداران,2
1,1
2,1
3,1
ادارات,1
4,1
جاتون,1
خالیه,1
مهارتهایی,1
لازمه,1
کاتلین,2
MVVM,1
ORM,1
Room,1
ورژن,1
git,3
Dependency,1
injection,1
koin,1
dagger,1
Solid,2
Design,14
pattern,2
clean,2
architecture,1
debugging,1
افزا,1
پارمیس,1
اشنایی,4
word,1
excel,1
اسنادخرید,1
مهم‌,1
ماری,1
ماهیانه,4
میباشد,8
خیام,1
شمالی,1
کاخ,1
دادگستری,1
پارک,5
SevenSoft,1
هیجان,1
انگیز,1
چالشهای,1
پنجه,1
میدی,1
دموی,1
فردوسی,1
ممتاز,1
آسیا,2
افزاری,5
نیازمندیم,2
متون,3
درصدد,1
کمیسیون,2
نیازمندی,2
عملگرایی,1
گرایی,2
تعارضات,1
برون‌گرا,1
کسب‌وکارها,1
اقتصاد,2
نارمک,1
وزارت,5
آکادمی,2
خوانندگی,1
پورپروین,1
آرژانتین,2
حافظه,1
کارآموزی,11
دانمارکی,1
RIT,1
برگزار,2
صورتی,7
برسانید,1
راحتی,1
10سال,1
بواسطه,1
شد,1
مادی,1
سایتی,1
متعلق,1
ادعایی,1
مهمترین,2
شخص,1
منتورینگ,1
شگرفتی,1
مواردی,4
Laravel,2
MySQL,5
OOP,8
Api,3
Html,3
Css,8
JavaScript,8
Client,1
Side,1
Programming,2
عزیزانی,1
بگذارنند,1
فراهم,2
فرصتهای,1
قطعی,1
شعبات,1
مینماید,3
منضبط,7
دلسوز,2
کاراموزی,1
اصولی,1
مترو,9
آر,2
تی,2
نسبی,1
تشکیل,1
زنی,1
برگشت,1
بدو,1
منظومه,1
التحصیلان,3
رشته‌ی,1
دبیری,1
آگاه,1
پرورشی,1
تربیتی,2
کارتیمی,2
EPL,1
دوراظهاری,1
اینصورت,1
اختصاص,1
خیابان,13
مطهری,3
دقیقه,1
مفتح,1
ابتدا,2
آژانس,2
هواپیمایی,2
فرانگر,1
ایرلاین,1
نشر,1
کتابراه,1
کتاب‌های,2
انتظارات,2
قواعد,1
نگارشی,1
نویسندگی,1
خلق,1
اولویت‌ها,1
کتاب,3
کتابخوانی,1
مکانی,1
اتوبوس,2
افرادی,3
کار‌آمد,1
انقلاب,1
آژمان,1
حایز,1
ولیعصر,2
طراح,1
معمار,1
تریدی,1
مکس,1
ویری,1
لومیون,1
سلیقه,1
پذیرش,2
نمره,1
آیلتس,3
آکادمیک,1
تافل,3
مادری,1
خودتون,2
بلدید,1
خالیست,1
اطراف,1
C1,1
C2,1
آزمونهای,1
تاژان,1
دارنده,1
شورای,1
انفورماتیک,2
هجده,1
بانکهای,1
ملت,1
سپه,1
کشاورزی,1
سینا,1
ارگان,1
NET,9
Entity,3
Framework,3
GIT,4
طولانی,1
سخت‌کوش,1
تجارب,1
همکار,3
ترجیحاً,1
CleanCoding,1
بهشتی,2
آپادانا,1
مزایایی,1
جاهای,1
کارآیی,1
بالایی,1
میگیرید,1
تری,1
گذراند,1
خصوصیاتی,1
صداقت,2
درستکاری,1
اقناع,1
مخاطب,2
کارهایی,2
آزمایشگاههایی,1
اهل,2
بزرگراه,1
اشرفی,1
اصفهانی,1
باغ,1
فیض,1
تکنیکهای,4
هوشیار,1
شیفتها,1
گردشی,2
رنج,1
تا35,1
وعلوم,1
8میلیون,1
شاپ,2
لوکس,1
لوکیشن,1
سناریوهای,2
Test,5
Case‌های,1
متدهای,2
زارش,1
ریپورت,1
باگ‌ها,1
تونایی,1
باگها,1
سناریوها,1
سرویس‌ها,1
Jira,1
شنود,1
ارزش‌های,4
ثبات,4
بروکراسی,4
چهارراه,5
نمایید,8
ساکنین,4
ترم,4
گرامی,4
خواهشمندیم,4
تاپ,3
تورز,1
انتقاد,1
بورس‌نیوز,1
خبر,1
رشته‌های,2
نیرو,2
بورسی,2
بادقت,1
خبرنگار,1
انعطاف,2
صبر,2
صحرا,1
درجهت,1
صبحانه,2
ناهار,3
رفاهیات,1
دات,1
نت,1
CORE,1
Pattern,5
معماری‌های,1
Agile,4
tfs,1
نقش‌های,1
سازگار,1
استفاده‌,1
HTML,6
CSS,7
باتوجه,1
امریه,1
سربازی,4
Docker,4
DevOps,1
توانمندی‌های,4
HTML5,3
Semantic,1
Processors,1
LESS,1
SASS,2
Responsive,5
Mobile,2
First,1
Data,2
Driven,1
Javascript,3
ES6,5
ES7,1
تجربه‌ی,2
فریمورک‌های,3
Svelte,1
Vue,2
Angular,1
Automation,2
Task,1
Runner,1
Webpack,4
Gulp,1
Grunt,1
Parcel,1
کانسپت,1
Functional,1
Unit,5
e2e,1
Tests,3
Controlling,3
Systems,3
یادگیرنده,2
برنامه‌نویسان,3
Go,1
Standard,1
Libraryهای,1
کانسپت‌های,2
gRPC,2
IoC,2
DI,2
SOLID,3
MicroServices,2
SOA,2
RESTful,5
HTTP,2
i18n,2
BDD,2
CI,4
CD,4
Martini,1
Revel,1
Iris,1
Echo,1
Beego,1
Gin,1
Relational,3
PostgreSQL,2
MongoDB,2
ElasticSearch,2
Containerization,2
Orchestration,2
Kubernetes,3
یادگیر,1
نده,1
Node,2
KOA,1
Sails,1
Meteor,1
Adonis,1
Express,1
Nest,1
چاپخانه,1
گرافیست,2
تراکت,1
سربرگ,1
پاکت,1
ایام,1
بذکر,1
مشاهده,1
کلمه,1
سرچ,1
تلفنها,1
مشترکین,6
ES5,2
JS,4
JSX,2
Saga,2
خوانا,3
Back,3
End,3
JIRA,2
فضای­,2
همیار,1
لندینگ,1
یکتانت,1
مدیا,1
اد,1
آنالیتیکس,1
google,1
ads,1
HA,1
Loud,1
balance,1
ELK,1
Swarm,1
GitLab,1
Pipeline,1
Scripting,1
مانیتورینگ,3
TSDB,1
صف,1
پرفورمنس,4
OAUH,1
ویژگیهای,1
کوش,3
هلدینگ,2
پوشینه,1
بسپار,1
نایلون,1
ابتدای,3
اباد,1
احتیاج,1
marketing,1
plan,1
Google,2
ADS,1
analytics,1
Search,1
console,1
حائز,1
پایپ,2
نوآور,2
شادی,1
بسازد,1
ارزشمند,1
میگیریم,1
مهیا,1
استقبال,1
شرطی,1
جزو,1
آدرس,6
مقدس,1
اردبیلی,1
شادآور,4
تجریش,1
تاکسی,2
شهید,1
BRT,1
پمپ,2
بنزین,2
ولنجک,2
قسمت,1
زیباسازی,1
بنرهای,1
خوبی,1
دخالت,1
Illustrator,1
Corel,1
draw,1
پورتفولیو,1
کارحداقل,1
باروابط,1
ونک,1
دانا,1
فناوران,1
ترجبحا,1
برخورداری,4
لغایت,1
✅,7
اشنا,2
پنجره,1
ونما,1
Logikal,1
ORGADTA,1
نیاوران,1
علم,1
واجدین,4
ویندوز,3
Ado,1
Sql,1
Windows,1
Service,1
استخراج‌شده‌ی,1
دهندگان,1
فریم,1
ورک,1
lumen,1
LiveWire,1
Object,1
oriented,2
DB,1
NOSQL,1
نگه‌داری,1
کدهای,1
service,1
Microservice,3
قبلی,1
نقلی,1
فلسطین,1
طالقانی,1
فریمان,1
توامندی,1
تنش,1
بهترینو,3
مهارت‌‎ها,1
باشین,1
میبایستی,1
پنل,1
ریاضی,1
شیت,1
ترب,1
ایمالز,1
ترللو,1
STP,1
مدلهای,1
نفوذی,1
فریمیوم,1
روانی,1
سرشیرگیری,1
گرفتار,1
قیمت‌گذاری,2
مجموعه‌ای,1
گردی,1
سورسهای,1
کنجکاو,1
نمادایران,1
سیستمهای,1
افراهای,1
انبارداری,2
کارگزینی,1
اشکالات,3
ماموریتهای,1
یکم,1
تاخیر,1
شاداب,1
8صبح,2
آفریقا,1
حوالی,1
فتوشاب,1
ایلستریتور,1
کرل,1
نئوبانک,1
حصین,1
Nodejs,2
باشه,2
Nestjs,1
Kafka,1
مایکروسرویس,1
typescript,1
Postgresql,1
Multi,2
process,1
thread,1
فاندامنتال,1
امتیازی,4
می‌کنه,1
ETL,1
رزومه‌ت,1
برامون,1
وکالاهای,1
خروج,1
کالای,2
موردنیاز,1
حفاظتی,1
گزارشهای,1
مقامات,1
کدینگ,1
ERP,2
انطباق‎,1
براتون,2
داره,1
سرورپارس,2
انتخاب‌های,1
درون‌سازمانی,1
بیرونی,1
ویدیویی,2
اصالت,1
لحاظ,1
رویکردهای,1
موتورهای,1
روال,1
okr,1
ترجمه,1
سهروردی,1
نیم,1
نماز,1
یادتون,1
معیار,1
صادق,1
ومتعهد,1
روحیه‌ی,1
میتونیم,1
نظام,1
کلاس,1
کارتون,1
صبرانه,1
تون,1
آرشیت,2
AnyDesk,1
خطاها,1
نسخه,1
پذیرای,1
نو,1
تدوینگر,1
میشه,2
این,1
ستاگرام,1
فیلمبرداری,1
نیروها,1
میگیره,1
پرش,1
بازه,2
جوایز,1
جمهوری,2
مهارت‌,1
ANTD,1
Redux,4
Context,1
postman,1
bable,1
asynchronous,1
programming,1
closures,1
code,1
–,9
دندانپزشکی,1
مجزا,1
جنت,1
جنوبی,1
لاله,3
هوشمندی,1
نبوغ,1
سرشارشان,1
رفیع,1
درآمدی,2
ارج,1
نهاده,1
عزیزان,1
آوردیم,1
العاده,1
چالش,1
شکل,2
همواری,1
نمائیم,1
فاکتورهای,1
کلامی,1
انگیزشی,1
پرتو,1
باتجربه,1
رگولاتوری,1
کمپانی,1
مجوزهای,1
دارو,1
صمت,1
اتمی,1
imed,1
ttac,1
epl,1
Office,1
مسافر,1
پیروی,1
جایگزین,1
نیازمندی‌ها,1
خشم,1
Backend,1
Scrum,4
Azure,1
Devops,1
ظاهر,1
متولدین,1
1368به,1
فلکه,1
صادقیه,1
بلوار,1
آیت,1
الله,1
کاشانی,1
نبض,1
نورپردازی,1
محتواساز,1
میخوایم,1
پریمیر,1
فالوور,1
سناریو,2
ویدیوها,1
آمادئوس,1
نیرا,1
رزرواسیون,1
رزروهای,1
خونسردی,1
آرامش,1
ملاصدرا,1
vip,1
اقا,2
ثبتی,1
اموزش,2
درامد,1
قید,1
وشرط,1
بحرانی,1
جزییات,1
اپراتوری,1
باهوش,1
بردهای,1
اسم,1
مپ,1
پین,1
میزبان,2
قیطریه,1
داشد,1
‌,2
دلاری,1
بردباری,1
آزمایشگاه,1
وصمیمی,1
بنیان,1
نوین,2
برج,2
امیرکبیر,1
فروشگاهی,2
هلو,2
پوش,1
متانت,1
متاهد,1
خوش‌فکر,1
براجرای,1
کمپین‌,1
اینستاگرامی,2
به‌روز‌رسانی,1
محتوایی,1
سوشال,1
عکس,1
canva,1
inshot,1
شاخص‌‌های,1
پیج‌های,1
هشتگ,1
بهره‌گیری,1
تلفیقی,1
هشتگ‌های,1
لوناتو,1
بن‌های,1
سرو,1
دورهمی,1
گردش‌های,1
مهارتی,1
توسعه‌ی,1
استارتاپی,1
بی‌حاشیه,1
طرشت,1
سپیدآرنگ,1
احترام,3
میانگین,1
شناخته,1
صنف,1
لباس,1
فرم,1
تبلت,1
سیم,1
هنذرفیری,1
وکیف,1
ردیف,1
کالایی,1
همیشگی,1
زن,1
مرد,1
مبارک,1
رمضان,1
عید,1
نوروز,2
امانتداری,1
تعاممل,1
پتاسیل,1
باشگاه,1
نویسیc,1
net,1
پایتون,1
مصنوعی,1
زبانه,1
react,1
cssو,1
نویسیjava,1
ios,1
swift,1
object,1
cو,1
nosqlو,1
sqlها,1
کارآموز,1
امیریه,1
سرباز,2
نخبه,1
نخبگان,1
ریشه,1
مطرح,1
فناروی,1
عادی,1
نکته,1
Html5,1
ملحقات,3
Flex,3
Grid,3
System,3
markup,3
ui,5
تبحر,5
پردازنده,1
Sass,4
Js,7
Ecmascript,3
alpineJs,1
Material,4
tailwindcss,3
متدولوژی,1
نامگذاری,1
BEM,1
OOCSS,1
Figma,1
Adobe,1
XD,1
Zeplin,1
Methodology,3
ذخیره,3
Repository,3
ux,1
Seo,3
تدریس,3
Mentorship,3
کارگیری,3
دیتاسنتر,1
شوکا,1
آنکال,1
لحظه,1
CCNA,1
اکتیو,1
دایرکتوری,1
OSI,1
ITIL,1
Troubleshooting,2
خواندن,1
Next,3
State,2
Management,2
Mobex,1
hooks,1
Typescript,2
ReactJs,1
Qraphql,2
Swagger,2
Postman,4
Apollo,2
npm,5
بکارگیری,2
Clean,2
Code,2
refactoring,2
سورس,2
feature,2
mocha,2
jest,2
موبایل,2
Flutter,2
PWA,2
موتورسیکلت,1
وبررسی,1
16لغایت,1
شریعتی,1
قلهک,1
Nuxt,1
Vuex,1
VueJs,1
بیمار,1
حوصله,1
english,2
language,2
SCSS,1
my,2
Respinsive,1
framework,1
bootstrap,1
ajax,2
لپ,2
پردازی,2
اورفلو,2
stackoverflow,2
قدمی,2
laravel,1
Spring,4
Boot,1
Security,1
queuing,1
مانیتور,1
بکاپ,1
Lpic2,1
MAIL,1
Apache,1
ILO,1
Raid,1
میباشند,1
نمایند,1
گردان,1
حسابهای,1
ترمه,1
نفیس,1
شعبه,1
امام,1
حسین,1
پائیزان,1
ژلهای,1
آلیاکسین,1
پروفایلو,1
آلجنس,1
ژل,1
جوانساز,2
فیلرهای,1
پوزیشن,1
پزشک,1
فرمایند,1
شخصات,1
3سال,1
مبتدی,1
بونس,1
پیروزی,1
توسعه‌دهنده‌ی,1
Front,1
End‌ایم,1
بهتری,1
می‌دهیم,1
دیزاین,2
page,1
speed,1
SEO,1
friendly,1
SSR,1
schema,1
باapplication,1
state,1
management,1
redux,1
mobx,1
تسطل,1
فریم‌ورک,1
چالش‌پذیری,1
مهارت‌ها,1
Electron,1
Micro,1
Frontend,1
سختی,1
میدانند,1
رومــاک,2
ارتــباط,2
تـوسـعـه,2
محـصـولات,2
استـارتاپ‌هـای,2
خـود,4
نیـازمنـد,2
پیـوستـن,2
چنـد,2
فـرد,2
باتـجربـه,2
بامهـارت,2
بـالا,4
زمینـه,2
برنامه‌نویـسی,1
ReactJS,1
هستیــم,2
قابلیت‌هــای,2
مــورد,2
انتــظار,2
تسـلط,1
کامـل,1
بـه,3
مهـارت,2
موافهیم,1
sketch,1
xd,1
مهــارت,1
بـرنـامــه‌نـویـســی,1
بـا,3
Ajax,1
jQuery,1
آشنــایـی,1
JSON,1
نحــوه‌,1
ارتبــاط,1
گیــری,1
تسلــط,1
مفــاهیــم,1
آشنـا,2
webpack,1
داشتــن,1
تجــربـه,1
کـاری,1
Mapbox,1
OpenLayers,1
Chartjs,1
HighCharts,1
D3,1
مهــارت‌هــای,2
شخـصــیتــی,2
روحیــه,2
تیـمی,2
مسئـولیـت,2
پـذیـر,2
منــظـم,2
خــلاق,2
مــــزایـــا,2
محیـط,2
گـرم,2
صمیمــی,2
پـوشش,2
بیـمــه,4
تـامیـن,2
اجـتـمـاعـی,2
تـکمـیــلـی,2
پرسنـل,2
خـانـواده,2
محـترم,2
ایشـان,2
حـقـــوق,2
افــزایــشی,2
رقـابتـی,2
فعالیـت,2
شنـبــه,2
چهـارشنبـه,2
ساعـت,4
الـی,2
شنـــاور,2
دفتـر,2
کارگرشمالی,2
روبـرو,2
Microsoft,1
JWT,1
Dapper,1
EF,1
تســلط,1
انــواع,1
سرویـس‌ها,1
